,0
0,"Patriot 16 Go DDR4-3600 (1x 16 Go) : € 147,90"
1,"ADATA 8 Go DDR4-3200 (1x 8 Go) : € 85,90"
2,"Team Group 16 Go DDR4-3200 (2x 8 Go) : € 139,90"
3,"Kingston 8 Go DDR4-3200 (1x 8 Go) : € 147,90"
4,"G.Skill Aegis 16 Go DDR4-3200 (1x 16 Go) : € 109,90"
5,"ADATA 8 Go DDR4-2666 (1x 8 Go) : € 67,90"
6,"Kingston 8 Go DDR5-5600 (1x 8 Go) : € 159,90"
7,"G.Skill Ripjaws V 16 Go DDR4-3600 (2x 8 Go) : € 144,90"
8,"G.Skill Aegis 16 Go DDR4-3200 (2x 8 Go) : € 114,90"
9,"Kingston FURY 8 Go DDR4-3200 (1x 8 Go) : € 91,90"
10,"ADATA 8 Go DDR4-3600 (1x 8 Go) : € 87,90"
11,"Corsair ValueSelect 16 Go DDR4-2666 (1x 16 Go) : € 158,90"
12,"Team Group 16 Go DDR4-3200 (2x 8 Go) : € 150,90"
13,"Team Group 16 Go DDR4-3200 (1x 16 Go) : € 135,90"
14,"Team Group 16 Go DDR4-3600 (2x 8 Go) : € 142,90"
15,"Team Group 16 Go DDR4-3600 (2x 8 Go) : € 157,90"
16,"Team Group 16 Go DDR4-3200 (2x 8 Go) : € 146,90"
17,"Kingston FURY 16 Go DDR4-3200 (1x 16 Go) : € 154,90"
18,"G.Skill 16 Go DDR4-3200 (1x 16 Go) : € 143,90"
19,"Patriot 8 Go DDR4-2666 (1x 8 Go) : € 57,90"
20,"G.Skill Aegis 8 Go DDR4-3200 (1x 8 Go) : € 506,00"
21,"Patriot 16 Go DDR4-3600 (2x 8 Go) : € 145,90"
22,"Kingston 8 Go DDR4-3200 (1x 8 Go) : € 114,90"
23,"Patriot 16 Go DDR4-3200 (2x 8 Go) : € 176,90"
