,Article,Prix
0,Textorm SO-DIMM 8 Go DDR4 3200 MHz CL22,100.95
1,Textorm SO-DIMM 8 Go DDR4 2666 MHz CL19,111.95
2,G.Skill Value 8 Go DDR4 2400 MHz CL17,111.95
3,G.Skill Aegis 8 Go (1 x 8 Go) DDR4 3200 MHz CL16,92.95
4,G.Skill Aegis 8 Go (1 x 8 Go) DDR4 2666 MHz CL19,94.95
5,G.Skill Value 8 Go DDR4 2666 MHz CL19,111.95
6,G.Skill Aegis 8 Go (1 x 8 Go) DDR4 2400 MHz CL17,90.95
7,G.Skill Aegis 8 Go (1 x 8 Go) DDR4 3000 MHz CL16,102.95
8,G.Skill Value 8 Go (2x 4 Go) DDR4 2133 MHz CL15,89.95
9,G.Skill RipJaws Series SO-DIMM 8 Go DDR4 3200 MHz CL22,85.95
10,G.Skill RipJaws Series SO-DIMM 8 Go DDR4 2666 MHz CL19,165.95
11,G.Skill RipJaws Series SO-DIMM 8 Go DDR4 2400 MHz CL16,103.95
12,Kingston 8 Go DDR4 3200 MHz CL22 1Rx16,116.95
13,Textorm 8 Go DDR4 3200 MHz CL16,111.95
14,Kingston SO-DIMM 8 Go DDR4 3200 MHz CL22 1Rx8,116.95
15,Corsair ValueSelect 8 Go DDR4 2133 MHz CL15,172.95
16,Corsair ValueSelect 8 Go DDR4 2400 MHz CL16,86.95
17,Corsair ValueSelect 8 Go DDR4 2666 MHz CL18,89.95
18,Corsair Vengeance LPX Series Low Profile 8 Go DDR4 3000 MHz CL16,94.95
19,Corsair Value Select SO-DIMM DDR4 8 Go 2133 MHz CL15,165.95
20,Corsair Vengeance LPX Series Low Profile 8 Go DDR4 2400 MHz CL16 Noir,173.95
21,Corsair Vengeance LPX Series Low Profile 8 Go DDR4 2666 MHz CL16,86.95
22,Corsair Vengeance SO-DIMM DDR4 8 Go 2400 MHz CL16,164.95
23,Corsair Vengeance SO-DIMM DDR4 8 Go 2666 MHz CL18,166.95
24,Kingston 8 Go DDR4 2666 MHz CL19 1Rx16,124.95
25,Corsair Vengeance SO-DIMM DDR4 8 Go 3200 MHz CL22,93.95
26,Corsair Vengeance LPX Series Low Profile 8 Go DDR4 3200 MHz CL16,132.95
27,Textorm SO-DIMM 16 Go DDR4 2666 MHz CL19,154.95
28,Textorm SO-DIMM 16 Go DDR4 3200 MHz CL22,84.95
29,G.Skill RipJaws Series SO-DIMM 16 Go DDR4 3200 MHz CL22,129.95
30,Kingston FURY Beast 8 Go DDR4 3200 MHz CL16,159.95
31,Kingston Server Premier 8 Go DDR4 2666 MHz ECC CL19 1Rx8,94.95
32,Patriot Signature Premium 8 Go (1x 8 Go) DDR5 5600 MHz CL46,159.95
33,Kingston ValueRAM SO-DIMM 8 Go DDR4 3200 MHz CL22 1Rx8,163.94
34,Kingston FURY Impact SO-DIMM 8 Go DDR4 3200 MHz CL20,119.95
35,Kingston 8 Go DDR5 5600 MHz CL46 1Rx16,79.95
36,G.Skill RipJaws Series SO-DIMM 32 Go DDR4 3200 MHz CL22,129.95
37,Textorm 16 Go DDR4 2666 MHz CL19,138.95
38,Kingsman Gaming DDR4 Innovator 16 Go 3200 MHz CL22 - Noir,148.95
39,Kingsman Gaming DDR4 Innovator 16 Go 3200 MHz CL22 - Blanc,120.95
40,Textorm 16 Go DDR4 3200 MHz CL16,94.95
41,Textorm SO-DIMM 16 Go (2x 8 Go) DDR4 2666 MHz CL19,139.95
42,G.Skill Aegis 16 Go (2 x 8 Go) DDR4 3200 MHz CL16,149.95
43,G.Skill Aegis 16 Go (1 x 16 Go) DDR4 2400 MHz CL17,147.95
44,G.Skill Aegis 16 Go (1 x 16 Go) DDR4 2666 MHz CL19,99.95
45,G.Skill Aegis 16 Go (1 x 16 Go) DDR4 3200 MHz CL16,144.95
46,G.Skill Value 16 Go (2x 8 Go) DDR4 2666 MHz CL19,159.95
47,G.Skill Flare X Series 16 Go (2x 8 Go) DDR4 3200 MHz CL16,159.95
